"cycif.slide","cycif.core.id","N.cancer.cells","Total.cells"
"TMA_18_810","core1",4788,6659
"TMA_18_810","core10",2464,10290
"TMA_18_810","core102",2935,7195
"TMA_18_810","core103",1257,7483
"TMA_18_810","core105",911,2272
"TMA_18_810","core106",3025,5834
"TMA_18_810","core107",2495,5668
"TMA_18_810","core108",2888,5360
"TMA_18_810","core109",947,4832
"TMA_18_810","core11",228,2564
"TMA_18_810","core110",2426,3631
"TMA_18_810","core111",4102,5535
"TMA_18_810","core112",2615,6396
"TMA_18_810","core113",1023,10853
"TMA_18_810","core114",3841,8658
"TMA_18_810","core115",132,9252
"TMA_18_810","core116",24,11087
"TMA_18_810","core118",1106,3340
"TMA_18_810","core119",2930,7197
"TMA_18_810","core12",1277,6383
"TMA_18_810","core120",4001,7972
"TMA_18_810","core121",3661,6491
"TMA_18_810","core122",2067,4063
"TMA_18_810","core123",1683,5733
"TMA_18_810","core124",2338,6025
"TMA_18_810","core125",302,1695
"TMA_18_810","core126",2987,4733
"TMA_18_810","core127",160,1668
"TMA_18_810","core128",2689,6877
"TMA_18_810","core129",1877,5127
"TMA_18_810","core13",97,8062
"TMA_18_810","core130",2676,6580
"TMA_18_810","core131",63,1579
"TMA_18_810","core132",27,4842
"TMA_18_810","core133",170,6131
"TMA_18_810","core134",16,573
"TMA_18_810","core135",1792,6292
"TMA_18_810","core137",4010,7829
"TMA_18_810","core138",789,3622
"TMA_18_810","core14",682,7859
"TMA_18_810","core140",2895,7201
"TMA_18_810","core141",3071,7646
"TMA_18_810","core142",14,4106
"TMA_18_810","core144",1732,6712
"TMA_18_810","core145",29,3869
"TMA_18_810","core146",21,4559
"TMA_18_810","core147",2471,7715
"TMA_18_810","core148",1431,9068
"TMA_18_810","core149",450,5472
"TMA_18_810","core15",6359,6922
"TMA_18_810","core150",238,5148
"TMA_18_810","core16",4695,6561
"TMA_18_810","core17",5573,7135
"TMA_18_810","core18",4452,6359
"TMA_18_810","core19",239,3662
"TMA_18_810","core2",1827,5429
"TMA_18_810","core20",35,2910
"TMA_18_810","core21",8,2710
"TMA_18_810","core22",289,2903
"TMA_18_810","core24",722,3923
"TMA_18_810","core25",735,4608
"TMA_18_810","core26",2022,4712
"TMA_18_810","core27",1135,6583
"TMA_18_810","core28",2830,6656
"TMA_18_810","core29",2069,5482
"TMA_18_810","core3",2690,4900
"TMA_18_810","core30",10,5290
"TMA_18_810","core31",2113,5040
"TMA_18_810","core32",5083,5635
"TMA_18_810","core33",3084,6488
"TMA_18_810","core34",4685,5667
"TMA_18_810","core35",2806,4002
"TMA_18_810","core36",4098,6022
"TMA_18_810","core37",924,2286
"TMA_18_810","core38",3792,5003
"TMA_18_810","core39",861,3911
"TMA_18_810","core4",2403,5289
"TMA_18_810","core40",1007,3896
"TMA_18_810","core41",709,3845
"TMA_18_810","core42",1467,3896
"TMA_18_810","core43",3850,7084
"TMA_18_810","core44",783,6171
"TMA_18_810","core45",789,4428
"TMA_18_810","core46",709,2535
"TMA_18_810","core47",1302,6460
"TMA_18_810","core48",2045,6131
"TMA_18_810","core49",1207,6769
"TMA_18_810","core5",6421,7854
"TMA_18_810","core50",1013,6293
"TMA_18_810","core51",459,5686
"TMA_18_810","core52",2934,6828
"TMA_18_810","core53",1920,5025
"TMA_18_810","core54",1499,5858
"TMA_18_810","core55",2941,3700
"TMA_18_810","core56",3905,4907
"TMA_18_810","core57",4145,5230
"TMA_18_810","core58",3490,3984
"TMA_18_810","core6",3561,4232
"TMA_18_810","core63",2617,6506
"TMA_18_810","core64",1534,5617
"TMA_18_810","core65",2732,6439
"TMA_18_810","core67",1346,4161
"TMA_18_810","core68",934,3545
"TMA_18_810","core69",2014,5881
"TMA_18_810","core7",6696,7493
"TMA_18_810","core70",1599,4438
"TMA_18_810","core71",374,4147
"TMA_18_810","core72",713,4332
"TMA_18_810","core73",419,3780
"TMA_18_810","core74",75,4655
"TMA_18_810","core75",45,4780
"TMA_18_810","core77",2407,6626
"TMA_18_810","core78",3885,8050
"TMA_18_810","core79",3739,5666
"TMA_18_810","core80",1476,6232
"TMA_18_810","core81",832,4272
"TMA_18_810","core82",1005,2900
"TMA_18_810","core83",2621,5273
"TMA_18_810","core84",13,3171
"TMA_18_810","core85",701,2624
"TMA_18_810","core87",3923,5200
"TMA_18_810","core88",1932,4471
"TMA_18_810","core89",4410,4736
"TMA_18_810","core9",3105,9545
"TMA_18_810","core90",5089,6167
"TMA_18_810","core91",4855,6694
"TMA_18_810","core92",3946,4861
"TMA_18_810","core93",7167,7905
"TMA_18_810","core94",927,3324
"TMA_18_810","core95",1387,4749
"TMA_18_810","core96",1848,3925
"TMA_18_810","core97",1057,5084
"TMA_31_1020","core10",2852,6457
"TMA_31_1020","core100",3507,6518
"TMA_31_1020","core101",2610,7355
"TMA_31_1020","core102",2596,4696
"TMA_31_1020","core103",2068,2821
"TMA_31_1020","core104",33,2358
"TMA_31_1020","core105",623,8472
"TMA_31_1020","core106",440,3089
"TMA_31_1020","core108",11,10854
"TMA_31_1020","core109",1428,3803
"TMA_31_1020","core110",20,2511
"TMA_31_1020","core111",740,2585
"TMA_31_1020","core112",1221,7459
"TMA_31_1020","core113",1297,8079
"TMA_31_1020","core115",2756,5718
"TMA_31_1020","core116",1410,2421
"TMA_31_1020","core117",1081,6220
"TMA_31_1020","core118",464,8736
"TMA_31_1020","core119",1776,10302
"TMA_31_1020","core12",2574,4414
"TMA_31_1020","core121",863,9276
"TMA_31_1020","core122",923,6914
"TMA_31_1020","core123",303,5622
"TMA_31_1020","core125",4642,8651
"TMA_31_1020","core126",6006,8448
"TMA_31_1020","core127",4015,7929
"TMA_31_1020","core128",397,4476
"TMA_31_1020","core129",802,3519
"TMA_31_1020","core130",202,5946
"TMA_31_1020","core132",38,7742
"TMA_31_1020","core134",339,4260
"TMA_31_1020","core135",182,3434
"TMA_31_1020","core136",1529,5774
"TMA_31_1020","core137",281,2773
"TMA_31_1020","core138",1997,4687
"TMA_31_1020","core139",606,10817
"TMA_31_1020","core140",608,10149
"TMA_31_1020","core15",2017,5776
"TMA_31_1020","core16",1431,2437
"TMA_31_1020","core17",1644,3892
"TMA_31_1020","core18",1160,3397
"TMA_31_1020","core19",1408,5016
"TMA_31_1020","core21",1886,4075
"TMA_31_1020","core22",689,7939
"TMA_31_1020","core23",139,4218
"TMA_31_1020","core24",294,8539
"TMA_31_1020","core25",1165,3495
"TMA_31_1020","core26",18,9081
"TMA_31_1020","core27",3988,5257
"TMA_31_1020","core28",4112,6234
"TMA_31_1020","core29",3851,4500
"TMA_31_1020","core30",517,6320
"TMA_31_1020","core31",4314,6205
"TMA_31_1020","core32",1092,4841
"TMA_31_1020","core33",386,2641
"TMA_31_1020","core34",4043,6812
"TMA_31_1020","core35",3227,6724
"TMA_31_1020","core36",3633,5253
"TMA_31_1020","core37",3539,4744
"TMA_31_1020","core38",9,3248
"TMA_31_1020","core39",13,2618
"TMA_31_1020","core40",20,3736
"TMA_31_1020","core41",3709,5385
"TMA_31_1020","core42",2762,5278
"TMA_31_1020","core43",2309,3473
"TMA_31_1020","core44",1386,5757
"TMA_31_1020","core46",2628,5876
"TMA_31_1020","core47",2671,6812
"TMA_31_1020","core48",1988,7311
"TMA_31_1020","core49",1187,6642
"TMA_31_1020","core50",60,4915
"TMA_31_1020","core51",389,6134
"TMA_31_1020","core52",482,7661
"TMA_31_1020","core53",1023,7238
"TMA_31_1020","core54",751,6335
"TMA_31_1020","core55",16,7569
"TMA_31_1020","core56",1227,6364
"TMA_31_1020","core57",4,6666
"TMA_31_1020","core58",2055,4971
"TMA_31_1020","core59",10,6048
"TMA_31_1020","core6",2,2221
"TMA_31_1020","core60",3824,6028
"TMA_31_1020","core61",1087,3806
"TMA_31_1020","core62",7325,9582
"TMA_31_1020","core63",5464,7395
"TMA_31_1020","core64",4749,6999
"TMA_31_1020","core65",6021,7871
"TMA_31_1020","core66",1838,4923
"TMA_31_1020","core67",2474,5969
"TMA_31_1020","core68",2371,5002
"TMA_31_1020","core69",1287,4199
"TMA_31_1020","core7",1933,4081
"TMA_31_1020","core70",186,2327
"TMA_31_1020","core71",1298,6640
"TMA_31_1020","core72",7,1748
"TMA_31_1020","core74",860,2080
"TMA_31_1020","core75",766,1934
"TMA_31_1020","core76",1327,2453
"TMA_31_1020","core77",2674,7723
"TMA_31_1020","core78",436,7446
"TMA_31_1020","core79",1697,5628
"TMA_31_1020","core8",2184,4677
"TMA_31_1020","core80",5,3757
"TMA_31_1020","core81",677,6418
"TMA_31_1020","core82",1521,4744
"TMA_31_1020","core83",1594,5528
"TMA_31_1020","core84",286,4761
"TMA_31_1020","core85",1452,6564
"TMA_31_1020","core86",378,3273
"TMA_31_1020","core87",2205,5795
"TMA_31_1020","core88",124,1160
"TMA_31_1020","core89",316,2596
"TMA_31_1020","core9",3051,5217
"TMA_31_1020","core90",690,2002
"TMA_31_1020","core91",549,2934
"TMA_31_1020","core92",3489,6509
"TMA_31_1020","core93",1299,2678
"TMA_31_1020","core94",769,2437
"TMA_31_1020","core95",3862,5387
"TMA_31_1020","core96",2319,6310
"TMA_31_1020","core97",2672,4517
"TMA_31_1020","core98",1684,5596
"TMA_31_1020","core99",814,2671
"TMA_33_576","core1",542,4129
"TMA_33_576","core10",3525,4693
"TMA_33_576","core100",6914,7826
"TMA_33_576","core101",2227,5330
"TMA_33_576","core102",1243,3784
"TMA_33_576","core103",11,2712
"TMA_33_576","core104",995,2152
"TMA_33_576","core105",2070,4974
"TMA_33_576","core106",2454,3661
"TMA_33_576","core11",781,4465
"TMA_33_576","core13",397,6477
"TMA_33_576","core14",2275,4239
"TMA_33_576","core15",2605,3886
"TMA_33_576","core16",1720,4177
"TMA_33_576","core18",1235,2526
"TMA_33_576","core19",2,8278
"TMA_33_576","core2",4,2125
"TMA_33_576","core20",871,5547
"TMA_33_576","core21",317,3662
"TMA_33_576","core23",547,4204
"TMA_33_576","core24",2428,3556
"TMA_33_576","core25",1,2467
"TMA_33_576","core27",2739,4069
"TMA_33_576","core28",39,2978
"TMA_33_576","core29",1,1689
"TMA_33_576","core3",662,3965
"TMA_33_576","core30",54,1618
"TMA_33_576","core31",1056,6673
"TMA_33_576","core32",577,4259
"TMA_33_576","core33",2809,4241
"TMA_33_576","core34",3,2009
"TMA_33_576","core36",1598,4004
"TMA_33_576","core37",1441,3768
"TMA_33_576","core38",2316,3822
"TMA_33_576","core39",399,4498
"TMA_33_576","core4",2019,4999
"TMA_33_576","core40",1163,4540
"TMA_33_576","core41",3854,5033
"TMA_33_576","core42",555,4960
"TMA_33_576","core43",1538,5814
"TMA_33_576","core44",3285,5079
"TMA_33_576","core45",225,2813
"TMA_33_576","core46",844,4291
"TMA_33_576","core47",2347,4727
"TMA_33_576","core48",3962,7549
"TMA_33_576","core49",195,2614
"TMA_33_576","core5",715,5376
"TMA_33_576","core50",2865,5160
"TMA_33_576","core51",329,5378
"TMA_33_576","core52",244,3002
"TMA_33_576","core53",5581,5939
"TMA_33_576","core55",975,4591
"TMA_33_576","core56",58,1175
"TMA_33_576","core57",3885,7171
"TMA_33_576","core58",550,5445
"TMA_33_576","core6",972,2060
"TMA_33_576","core60",2337,7957
"TMA_33_576","core61",753,1874
"TMA_33_576","core62",4949,5334
"TMA_33_576","core63",696,2850
"TMA_33_576","core65",1661,4598
"TMA_33_576","core66",954,4084
"TMA_33_576","core68",3488,4830
"TMA_33_576","core69",2358,4327
"TMA_33_576","core7",2792,4040
"TMA_33_576","core70",3658,4442
"TMA_33_576","core71",564,2560
"TMA_33_576","core72",1229,6087
"TMA_33_576","core73",498,3665
"TMA_33_576","core74",3636,5715
"TMA_33_576","core75",831,5660
"TMA_33_576","core76",146,2605
"TMA_33_576","core77",2934,6342
"TMA_33_576","core79",3016,3941
"TMA_33_576","core81",1035,4087
"TMA_33_576","core82",2121,6400
"TMA_33_576","core84",1473,5976
"TMA_33_576","core85",386,3848
"TMA_33_576","core86",1237,1912
"TMA_33_576","core87",1503,3112
"TMA_33_576","core88",1747,3901
"TMA_33_576","core89",416,3190
"TMA_33_576","core9",524,4347
"TMA_33_576","core90",14,5606
"TMA_33_576","core91",5134,6074
"TMA_33_576","core92",4023,4264
"TMA_33_576","core93",29,3995
"TMA_33_576","core94",349,1474
"TMA_33_576","core95",424,3027
"TMA_33_576","core96",2392,4544
"TMA_33_576","core97",1277,5661
"TMA_33_576","core98",5,9507
"TMA_33_576","core99",40,7115
"TMA_34_504","core10",2,3384
"TMA_34_504","core11",983,8002
"TMA_34_504","core12",1140,3524
"TMA_34_504","core13",720,2752
"TMA_34_504","core15",79,3068
"TMA_34_504","core16",2,3134
"TMA_34_504","core17",363,9251
"TMA_34_504","core18",59,6135
"TMA_34_504","core19",132,2347
"TMA_34_504","core2",1176,4297
"TMA_34_504","core20",1633,2634
"TMA_34_504","core21",48,2341
"TMA_34_504","core22",709,5693
"TMA_34_504","core23",32,1789
"TMA_34_504","core24",8,6125
"TMA_34_504","core25",2,3309
"TMA_34_504","core26",5451,5791
"TMA_34_504","core27",4,1012
"TMA_34_504","core28",26,2183
"TMA_34_504","core29",882,4111
"TMA_34_504","core3",177,5497
"TMA_34_504","core30",3194,5794
"TMA_34_504","core31",4886,5592
"TMA_34_504","core32",72,1941
"TMA_34_504","core33",47,4842
"TMA_34_504","core35",2402,5353
"TMA_34_504","core36",2980,4636
"TMA_34_504","core37",1080,7590
"TMA_34_504","core39",722,2271
"TMA_34_504","core4",273,4473
"TMA_34_504","core40",1495,2768
"TMA_34_504","core41",4314,6804
"TMA_34_504","core42",2470,3423
"TMA_34_504","core43",286,7379
"TMA_34_504","core44",6,3276
"TMA_34_504","core45",1248,4581
"TMA_34_504","core46",10,3421
"TMA_34_504","core47",3981,6505
"TMA_34_504","core48",7,6143
"TMA_34_504","core49",24,2331
"TMA_34_504","core5",488,7252
"TMA_34_504","core50",3580,4310
"TMA_34_504","core51",6,4009
"TMA_34_504","core52",6221,8425
"TMA_34_504","core53",3038,4037
"TMA_34_504","core55",1369,5468
"TMA_34_504","core56",26,2556
"TMA_34_504","core57",11,2268
"TMA_34_504","core58",4543,4822
"TMA_34_504","core59",5062,6949
"TMA_34_504","core6",342,5612
"TMA_34_504","core60",5,3423
"TMA_34_504","core61",798,3044
"TMA_34_504","core62",1260,4697
"TMA_34_504","core63",186,2207
"TMA_34_504","core64",21,2063
"TMA_34_504","core65",4647,6137
"TMA_34_504","core66",5182,7517
"TMA_34_504","core67",1354,4102
"TMA_34_504","core68",2603,3553
"TMA_34_504","core70",512,4107
"TMA_34_504","core71",39,2227
"TMA_34_504","core72",3342,6026
"TMA_34_504","core73",897,4266
"TMA_34_504","core74",5630,6263
"TMA_34_504","core8",1718,4342
"TMA_34_504","core9",18,3521
"TMA_41_812","core1",1020,2962
"TMA_41_812","core10",3443,6586
"TMA_41_812","core100",365,2834
"TMA_41_812","core101",2289,5174
"TMA_41_812","core102",5062,7534
"TMA_41_812","core103",3330,4318
"TMA_41_812","core104",1372,4064
"TMA_41_812","core105",8,2022
"TMA_41_812","core106",1433,4406
"TMA_41_812","core107",3780,6767
"TMA_41_812","core108",679,3308
"TMA_41_812","core109",1054,3728
"TMA_41_812","core11",793,3702
"TMA_41_812","core110",126,2679
"TMA_41_812","core111",3930,7195
"TMA_41_812","core112",66,2479
"TMA_41_812","core114",2101,3702
"TMA_41_812","core117",360,4068
"TMA_41_812","core118",2641,4019
"TMA_41_812","core119",16,4719
"TMA_41_812","core12",31,2382
"TMA_41_812","core13",810,3006
"TMA_41_812","core14",1451,6518
"TMA_41_812","core15",905,3582
"TMA_41_812","core16",248,3931
"TMA_41_812","core17",127,2320
"TMA_41_812","core18",90,2123
"TMA_41_812","core19",1390,3589
"TMA_41_812","core2",939,3142
"TMA_41_812","core20",218,4982
"TMA_41_812","core21",876,5082
"TMA_41_812","core22",178,3196
"TMA_41_812","core23",3847,7254
"TMA_41_812","core24",16,2712
"TMA_41_812","core25",348,4826
"TMA_41_812","core26",410,3237
"TMA_41_812","core27",412,1812
"TMA_41_812","core28",339,3384
"TMA_41_812","core29",1808,5148
"TMA_41_812","core3",1481,6834
"TMA_41_812","core31",1600,3581
"TMA_41_812","core32",537,5314
"TMA_41_812","core33",849,2799
"TMA_41_812","core34",1703,4502
"TMA_41_812","core35",589,3693
"TMA_41_812","core36",3748,5919
"TMA_41_812","core37",58,1726
"TMA_41_812","core38",906,4155
"TMA_41_812","core39",217,1096
"TMA_41_812","core4",640,5208
"TMA_41_812","core40",3660,5477
"TMA_41_812","core41",2259,6127
"TMA_41_812","core42",4424,6883
"TMA_41_812","core43",6,1649
"TMA_41_812","core44",115,1555
"TMA_41_812","core45",2200,4815
"TMA_41_812","core46",1358,4003
"TMA_41_812","core47",4435,5624
"TMA_41_812","core48",1343,5414
"TMA_41_812","core49",3402,6408
"TMA_41_812","core5",402,3047
"TMA_41_812","core50",948,3667
"TMA_41_812","core51",451,3060
"TMA_41_812","core52",138,1763
"TMA_41_812","core53",805,2481
"TMA_41_812","core54",2591,5868
"TMA_41_812","core55",272,4692
"TMA_41_812","core56",3276,5168
"TMA_41_812","core57",3312,6118
"TMA_41_812","core58",2041,3690
"TMA_41_812","core59",1253,4205
"TMA_41_812","core6",2336,5384
"TMA_41_812","core60",411,1694
"TMA_41_812","core61",827,3635
"TMA_41_812","core62",126,3287
"TMA_41_812","core63",3512,6316
"TMA_41_812","core64",641,6005
"TMA_41_812","core65",790,2598
"TMA_41_812","core66",853,2861
"TMA_41_812","core67",11,2048
"TMA_41_812","core68",110,1127
"TMA_41_812","core69",3003,4051
"TMA_41_812","core7",10,1069
"TMA_41_812","core70",4381,6726
"TMA_41_812","core71",326,4558
"TMA_41_812","core72",362,1364
"TMA_41_812","core73",21,2155
"TMA_41_812","core74",1163,3066
"TMA_41_812","core75",897,4539
"TMA_41_812","core76",3774,4385
"TMA_41_812","core77",1867,5487
"TMA_41_812","core78",681,2998
"TMA_41_812","core79",1302,3805
"TMA_41_812","core8",29,1849
"TMA_41_812","core81",536,1984
"TMA_41_812","core82",669,4822
"TMA_41_812","core83",1164,2899
"TMA_41_812","core84",2875,7561
"TMA_41_812","core85",2519,8618
"TMA_41_812","core86",2473,5292
"TMA_41_812","core87",1356,3976
"TMA_41_812","core88",308,1037
"TMA_41_812","core9",541,2862
"TMA_41_812","core91",65,2941
"TMA_41_812","core92",1622,4860
"TMA_41_812","core93",753,5334
"TMA_41_812","core94",1228,2518
"TMA_41_812","core96",73,2543
"TMA_41_812","core97",361,4140
"TMA_41_812","core98",3429,5060
"TMA_41_812","core99",1827,4535
"TMA_42_961","core10",811,2766
"TMA_42_961","core100",2388,4107
"TMA_42_961","core102",738,2261
"TMA_42_961","core103",5001,6719
"TMA_42_961","core104",2028,5091
"TMA_42_961","core105",5635,6431
"TMA_42_961","core106",5607,6771
"TMA_42_961","core107",7,8785
"TMA_42_961","core108",2905,4202
"TMA_42_961","core11",2859,5898
"TMA_42_961","core110",2902,5018
"TMA_42_961","core111",2182,3504
"TMA_42_961","core112",1418,4183
"TMA_42_961","core113",5044,5513
"TMA_42_961","core114",3207,4524
"TMA_42_961","core115",5238,6891
"TMA_42_961","core116",5603,7355
"TMA_42_961","core117",6,9351
"TMA_42_961","core118",2999,4725
"TMA_42_961","core119",1140,4172
"TMA_42_961","core12",3138,5598
"TMA_42_961","core120",3515,3800
"TMA_42_961","core121",1884,6145
"TMA_42_961","core122",1482,2661
"TMA_42_961","core123",4968,6142
"TMA_42_961","core124",5758,7794
"TMA_42_961","core125",5440,6764
"TMA_42_961","core126",5074,5517
"TMA_42_961","core127",2398,4306
"TMA_42_961","core129",716,2638
"TMA_42_961","core130",2000,6365
"TMA_42_961","core131",814,2024
"TMA_42_961","core132",5970,7588
"TMA_42_961","core133",6963,8452
"TMA_42_961","core134",1524,5849
"TMA_42_961","core136",6271,7507
"TMA_42_961","core137",859,5014
"TMA_42_961","core19",3423,4373
"TMA_42_961","core21",6349,7280
"TMA_42_961","core22",3634,4275
"TMA_42_961","core23",2760,6573
"TMA_42_961","core24",6872,7845
"TMA_42_961","core27",1687,7601
"TMA_42_961","core30",884,3911
"TMA_42_961","core31",6808,8251
"TMA_42_961","core33",1610,2651
"TMA_42_961","core36",2099,8138
"TMA_42_961","core37",3637,5956
"TMA_42_961","core41",345,3223
"TMA_42_961","core42",7284,8150
"TMA_42_961","core44",1148,3359
"TMA_42_961","core46",4797,6857
"TMA_42_961","core48",3842,9228
"TMA_42_961","core49",85,1662
"TMA_42_961","core50",25,1271
"TMA_42_961","core51",5711,7019
"TMA_42_961","core52",531,12978
"TMA_42_961","core53",2579,6158
"TMA_42_961","core54",4490,5462
"TMA_42_961","core56",1467,5458
"TMA_42_961","core57",1782,6929
"TMA_42_961","core58",3397,6186
"TMA_42_961","core59",695,5197
"TMA_42_961","core60",4822,5508
"TMA_42_961","core61",1215,2032
"TMA_42_961","core62",5820,7514
"TMA_42_961","core63",2206,4367
"TMA_42_961","core64",6061,6695
"TMA_42_961","core65",2390,3800
"TMA_42_961","core67",11,8908
"TMA_42_961","core68",2405,7055
"TMA_42_961","core69",3113,4572
"TMA_42_961","core7",25,1685
"TMA_42_961","core70",2723,6272
"TMA_42_961","core71",4,5338
"TMA_42_961","core72",2624,4599
"TMA_42_961","core73",4545,7007
"TMA_42_961","core74",2171,5030
"TMA_42_961","core75",4924,5566
"TMA_42_961","core77",2796,5203
"TMA_42_961","core78",2,10526
"TMA_42_961","core79",1875,4162
"TMA_42_961","core8",7427,7957
"TMA_42_961","core80",1982,7802
"TMA_42_961","core81",1010,4032
"TMA_42_961","core82",928,4680
"TMA_42_961","core83",1732,3728
"TMA_42_961","core84",4512,5194
"TMA_42_961","core85",2003,6683
"TMA_42_961","core87",1230,4213
"TMA_42_961","core88",576,7696
"TMA_42_961","core89",4288,6316
"TMA_42_961","core90",510,1294
"TMA_42_961","core91",3592,5219
"TMA_42_961","core92",3892,4498
"TMA_42_961","core94",4,7351
"TMA_42_961","core95",824,4490
"TMA_42_961","core96",5148,6698
"TMA_42_961","core97",2845,4895
"TMA_42_961","core98",2039,2844
"TMA_42_961","core99",1687,6877
"TMA_43_616","core10",6449,6705
"TMA_43_616","core100",7026,9383
"TMA_43_616","core101",5477,6473
"TMA_43_616","core102",1721,2607
"TMA_43_616","core103",4102,5679
"TMA_43_616","core104",2497,7053
"TMA_43_616","core105",1286,6147
"TMA_43_616","core106",3032,5838
"TMA_43_616","core107",502,8287
"TMA_43_616","core108",1386,2716
"TMA_43_616","core109",151,6261
"TMA_43_616","core11",4536,6110
"TMA_43_616","core110",3264,4672
"TMA_43_616","core111",861,6151
"TMA_43_616","core112",624,2490
"TMA_43_616","core114",6452,6761
"TMA_43_616","core115",5303,6490
"TMA_43_616","core116",6781,7967
"TMA_43_616","core117",3138,4607
"TMA_43_616","core119",4813,6588
"TMA_43_616","core12",3964,4336
"TMA_43_616","core120",6383,8114
"TMA_43_616","core121",5659,6405
"TMA_43_616","core122",4269,5563
"TMA_43_616","core13",2549,3121
"TMA_43_616","core16",1682,6944
"TMA_43_616","core17",968,2829
"TMA_43_616","core18",3834,6729
"TMA_43_616","core19",3333,5974
"TMA_43_616","core2",792,5879
"TMA_43_616","core20",3877,6586
"TMA_43_616","core21",3397,6358
"TMA_43_616","core22",1170,5185
"TMA_43_616","core23",3099,5856
"TMA_43_616","core24",4325,6349
"TMA_43_616","core25",4691,5621
"TMA_43_616","core26",4527,5339
"TMA_43_616","core27",3242,4870
"TMA_43_616","core28",1606,5463
"TMA_43_616","core29",1593,4933
"TMA_43_616","core3",4032,5085
"TMA_43_616","core30",3050,4961
"TMA_43_616","core31",3490,4885
"TMA_43_616","core32",3286,3688
"TMA_43_616","core33",3518,4901
"TMA_43_616","core34",3545,5199
"TMA_43_616","core35",3691,4989
"TMA_43_616","core36",1376,1948
"TMA_43_616","core38",243,2809
"TMA_43_616","core39",3189,5393
"TMA_43_616","core4",4534,4677
"TMA_43_616","core40",237,2118
"TMA_43_616","core41",9,4763
"TMA_43_616","core42",745,4549
"TMA_43_616","core43",21,1605
"TMA_43_616","core44",6,3098
"TMA_43_616","core45",6022,7362
"TMA_43_616","core46",7961,8421
"TMA_43_616","core47",4505,6020
"TMA_43_616","core48",2,4671
"TMA_43_616","core49",2081,8563
"TMA_43_616","core5",3992,6969
"TMA_43_616","core50",4203,5996
"TMA_43_616","core53",3176,5074
"TMA_43_616","core54",3550,4943
"TMA_43_616","core55",868,3448
"TMA_43_616","core56",3527,3856
"TMA_43_616","core57",3913,5390
"TMA_43_616","core58",4115,5667
"TMA_43_616","core59",2119,2950
"TMA_43_616","core6",897,5026
"TMA_43_616","core60",2389,4468
"TMA_43_616","core61",4485,4865
"TMA_43_616","core62",1645,2208
"TMA_43_616","core63",1751,2806
"TMA_43_616","core66",5025,6495
"TMA_43_616","core67",570,3499
"TMA_43_616","core68",2202,4239
"TMA_43_616","core69",1928,4272
"TMA_43_616","core7",1123,5722
"TMA_43_616","core70",3204,4929
"TMA_43_616","core71",1994,3884
"TMA_43_616","core72",287,6868
"TMA_43_616","core73",3717,7531
"TMA_43_616","core74",727,2785
"TMA_43_616","core75",2810,7656
"TMA_43_616","core76",5786,6972
"TMA_43_616","core78",3372,7072
"TMA_43_616","core79",1643,8661
"TMA_43_616","core8",3608,6528
"TMA_43_616","core80",2676,6934
"TMA_43_616","core81",3326,4620
"TMA_43_616","core82",2202,3726
"TMA_43_616","core83",2715,8856
"TMA_43_616","core84",2368,4914
"TMA_43_616","core85",4258,5292
"TMA_43_616","core86",3759,5169
"TMA_43_616","core87",2237,3528
"TMA_43_616","core88",3929,5895
"TMA_43_616","core89",2062,4504
"TMA_43_616","core9",6044,6542
"TMA_43_616","core90",1214,4530
"TMA_43_616","core91",3237,4314
"TMA_43_616","core92",2329,5587
"TMA_43_616","core93",3552,4198
"TMA_43_616","core94",3835,4169
"TMA_43_616","core95",5451,7143
"TMA_43_616","core96",9486,10503
"TMA_43_616","core97",3152,3923
"TMA_43_616","core98",3877,4755
"TMA_43_616","core99",9817,10684
"TMA_44_810","core1",2603,4343
"TMA_44_810","core10",8,4238
"TMA_44_810","core100",6191,6821
"TMA_44_810","core101",4385,6210
"TMA_44_810","core102",3794,5337
"TMA_44_810","core103",1960,2163
"TMA_44_810","core104",962,6781
"TMA_44_810","core105",107,2951
"TMA_44_810","core106",866,4892
"TMA_44_810","core107",35,3101
"TMA_44_810","core108",2279,4287
"TMA_44_810","core109",1077,5763
"TMA_44_810","core110",321,2681
"TMA_44_810","core111",6626,7618
"TMA_44_810","core112",3564,4675
"TMA_44_810","core113",2079,4747
"TMA_44_810","core114",5465,6880
"TMA_44_810","core115",7798,8522
"TMA_44_810","core116",7010,8225
"TMA_44_810","core117",4471,6184
"TMA_44_810","core118",3306,5891
"TMA_44_810","core119",4268,5045
"TMA_44_810","core120",3244,4480
"TMA_44_810","core121",4943,5916
"TMA_44_810","core13",985,4446
"TMA_44_810","core14",722,7074
"TMA_44_810","core15",733,4612
"TMA_44_810","core16",5074,6428
"TMA_44_810","core17",27,1764
"TMA_44_810","core18",3887,6260
"TMA_44_810","core19",6120,7721
"TMA_44_810","core2",3070,4736
"TMA_44_810","core21",2326,4757
"TMA_44_810","core22",1287,3619
"TMA_44_810","core23",6472,8260
"TMA_44_810","core24",2897,6605
"TMA_44_810","core25",3054,5477
"TMA_44_810","core26",2686,6692
"TMA_44_810","core27",1345,1877
"TMA_44_810","core28",946,5389
"TMA_44_810","core29",4527,5073
"TMA_44_810","core3",3343,4852
"TMA_44_810","core30",3667,5122
"TMA_44_810","core31",3846,4336
"TMA_44_810","core32",2823,5036
"TMA_44_810","core33",4766,5463
"TMA_44_810","core34",1886,4080
"TMA_44_810","core35",152,3062
"TMA_44_810","core36",4907,5688
"TMA_44_810","core37",5753,6262
"TMA_44_810","core38",3290,5128
"TMA_44_810","core39",804,2577
"TMA_44_810","core4",2109,4861
"TMA_44_810","core40",4340,6224
"TMA_44_810","core41",1962,4582
"TMA_44_810","core42",4835,5528
"TMA_44_810","core43",5428,6786
"TMA_44_810","core44",2382,4666
"TMA_44_810","core45",4668,6335
"TMA_44_810","core46",1956,4306
"TMA_44_810","core47",122,3288
"TMA_44_810","core48",668,5326
"TMA_44_810","core49",1286,5904
"TMA_44_810","core5",1643,5923
"TMA_44_810","core50",386,8582
"TMA_44_810","core51",2766,5085
"TMA_44_810","core52",6110,7163
"TMA_44_810","core53",3239,4220
"TMA_44_810","core54",59,3579
"TMA_44_810","core55",1393,3929
"TMA_44_810","core56",6441,6920
"TMA_44_810","core57",595,2134
"TMA_44_810","core58",5149,6360
"TMA_44_810","core59",4728,5420
"TMA_44_810","core6",3130,5741
"TMA_44_810","core60",4425,4915
"TMA_44_810","core61",1465,2779
"TMA_44_810","core62",4054,4439
"TMA_44_810","core63",2779,4097
"TMA_44_810","core65",3505,3908
"TMA_44_810","core67",4055,4280
"TMA_44_810","core69",2097,6089
"TMA_44_810","core7",2663,3746
"TMA_44_810","core71",1017,3617
"TMA_44_810","core72",2600,5021
"TMA_44_810","core73",918,2921
"TMA_44_810","core74",2583,4260
"TMA_44_810","core75",261,3960
"TMA_44_810","core76",2351,4442
"TMA_44_810","core77",1885,5196
"TMA_44_810","core78",3232,5253
"TMA_44_810","core79",3468,4704
"TMA_44_810","core8",3286,4491
"TMA_44_810","core80",2533,4794
"TMA_44_810","core81",6662,8136
"TMA_44_810","core82",3444,5193
"TMA_44_810","core83",3868,5061
"TMA_44_810","core84",4874,7486
"TMA_44_810","core85",5467,6713
"TMA_44_810","core86",2504,6640
"TMA_44_810","core87",4706,5734
"TMA_44_810","core88",4382,6866
"TMA_44_810","core89",2455,6067
"TMA_44_810","core9",3590,4433
"TMA_44_810","core90",3639,6296
"TMA_44_810","core91",2872,6401
"TMA_44_810","core92",557,3155
"TMA_44_810","core93",3732,5516
"TMA_44_810","core94",1406,5464
"TMA_44_810","core95",3765,5686
"TMA_44_810","core96",2068,5307
"TMA_44_810","core97",3423,5777
"TMA_44_810","core98",3748,5407
"TMA_44_810","core99",1220,4476
"TMA_45_312","core10",308,1906
"TMA_45_312","core11",3107,6465
"TMA_45_312","core13",26,7216
"TMA_45_312","core14",1650,4985
"TMA_45_312","core15",179,4734
"TMA_45_312","core16",19,2827
"TMA_45_312","core17",1166,1423
"TMA_45_312","core18",165,3231
"TMA_45_312","core20",1514,2279
"TMA_45_312","core21",2693,5695
"TMA_45_312","core22",1902,3762
"TMA_45_312","core24",2162,4283
"TMA_45_312","core27",4127,6324
"TMA_45_312","core28",206,3133
"TMA_45_312","core29",472,3497
"TMA_45_312","core30",201,1414
"TMA_45_312","core31",488,2134
"TMA_45_312","core32",2876,3594
"TMA_45_312","core34",3574,6363
"TMA_45_312","core35",4519,5734
"TMA_45_312","core36",269,4523
"TMA_45_312","core37",3144,5534
"TMA_45_312","core38",792,4577
"TMA_45_312","core39",1043,5229
"TMA_45_312","core40",981,4310
"TMA_45_312","core5",4009,4415
"TMA_45_312","core7",3328,3693
"TMA_46_325","core10",925,3342
"TMA_46_325","core11",1664,5087
"TMA_46_325","core12",1595,4643
"TMA_46_325","core13",1962,4285
"TMA_46_325","core14",527,2773
"TMA_46_325","core15",2956,4770
"TMA_46_325","core16",4213,4787
"TMA_46_325","core17",2206,3548
"TMA_46_325","core18",1583,3439
"TMA_46_325","core19",1579,4136
"TMA_46_325","core20",2177,3777
"TMA_46_325","core21",4321,5430
"TMA_46_325","core22",4,2935
"TMA_46_325","core23",2162,4042
"TMA_46_325","core24",1710,5325
"TMA_46_325","core25",3101,6494
"TMA_46_325","core26",3892,6560
"TMA_46_325","core27",2137,2907
"TMA_46_325","core28",3656,7303
"TMA_46_325","core29",4890,5793
"TMA_46_325","core30",3306,3610
"TMA_46_325","core31",1,4882
"TMA_46_325","core32",4821,6819
"TMA_46_325","core33",363,3655
"TMA_46_325","core34",54,5847
"TMA_46_325","core35",5738,6324
"TMA_46_325","core36",2857,4942
"TMA_46_325","core37",3121,5530
"TMA_46_325","core38",2095,5639
"TMA_46_325","core39",863,3023
"TMA_46_325","core40",3934,4846
"TMA_46_325","core41",440,6275
"TMA_46_325","core43",2913,6124
"TMA_46_325","core44",3614,6516
"TMA_46_325","core46",705,6478
"TMA_46_325","core47",4702,6637
"TMA_46_325","core48",2326,6326
"TMA_46_325","core49",3561,8364
"TMA_46_325","core5",2262,2632
"TMA_46_325","core50",1238,6490
"TMA_46_325","core6",3004,3487
"TMA_46_325","core7",3005,3420
"TMA_46_325","core8",3062,3969
"TMA_46_325","core9",1529,4639
